{
  "input": "/home/elephant/robot/GMR-master/raw_smpl/拟合用/head+neck.csv",
  "num_samples": 111,
  "fps": 30.0,
  "duration_s": 3.7,
  "order": 7,
  "model": "y(t)=a0+sum_k(a_k*cos(2*pi*k*t/T)+b_k*sin(2*pi*k*t/T))",
  "columns": {
    "neck_pitch_joint": {
      "coefficients": {
        "a0": 0.31511546047152666,
        "a1": 0.025820359649865045,
        "b1": 0.053741696256263294,
        "a2": -0.04006496632940269,
        "b2": 0.0029230223774873946,
        "a3": -0.024308199609810347,
        "b3": -0.013355206558388353,
        "a4": -0.03561706015423961,
        "b4": -0.0018824946754823378,
        "a5": -0.023324125648139935,
        "b5": -0.012389690984444219,
        "a6": 1.681619738074674e-05,
        "b6": -0.017336674621850092,
        "a7": -0.02982797998045853,
        "b7": -0.009738771355393281
      },
      "rmse": 0.04087150587814296,
      "max_abs_error": 0.0868896771015572
    },
    "head_roll_joint": {
      "coefficients": {
        "a0": 0.21557850709503795,
        "a1": 0.0542405770871646,
        "b1": 0.03621696567486213,
        "a2": 0.0468909772014468,
        "b2": 0.03961719707781994,
        "a3": 0.01589106715344013,
        "b3": 0.01661119935439554,
        "a4": 0.03227841931438177,
        "b4": 0.018017411971381698,
        "a5": 0.016290967163234884,
        "b5": 0.024376941746946122,
        "a6": 0.07204975154405927,
        "b6": -0.018665129827582314,
        "a7": -0.04501082173413805,
        "b7": 0.02926604207161445
      },
      "rmse": 0.05979070083780396,
      "max_abs_error": 0.3145962308919762
    },
    "head_yaw_joint": {
      "coefficients": {
        "a0": -0.4954525271246022,
        "a1": -0.015627603384328642,
        "b1": -0.023707906496956123,
        "a2": -0.10999184223895726,
        "b2": 0.06018245699103414,
        "a3": -0.0422752085069252,
        "b3": 0.026209834795766482,
        "a4": -0.008182648021662735,
        "b4": 0.02458039632101,
        "a5": -0.06336253639608559,
        "b5": 0.004204587786783962,
        "a6": -0.15572061682199945,
        "b6": -0.03873938548535545,
        "a7": 0.07328103522209828,
        "b7": 0.04515264524255349
      },
      "rmse": 0.043095213553753065,
      "max_abs_error": 0.17943999904934882
    },
    "head_pitch_joint": {
      "coefficients": {
        "a0": -0.1221988747013848,
        "a1": -0.012358041802035827,
        "b1": 0.01244462801327376,
        "a2": 0.028630558104697047,
        "b2": 0.044010713251220725,
        "a3": 0.005526357248948367,
        "b3": 0.06156187849701854,
        "a4": 0.03284724075359936,
        "b4": 0.03627918101378335,
        "a5": 0.03150828718036974,
        "b5": 0.03988734259770997,
        "a6": 0.038590955198552594,
        "b6": 0.052357984440273245,
        "a7": 0.009068771263552272,
        "b7": 0.0006574691028871198
      },
      "rmse": 0.03303297595568364,
      "max_abs_error": 0.11680425032330322
    }
  }
}