{
    "robot_root_name": "base_link",
    "human_root_name": "root",
    "ground_height": 0.0,
    "human_height_assumption": 0.55,
    "use_ik_match_table1": true,
    "use_ik_match_table2": true,
    "human_scale_table": {
        "root": 1.0,
        "NewBone_2": 1.0,
        "NewBone_7": 1.0,
        "NewBone_4": 1.0,
        "NewBone_3": 1.0,
        "NewBone_9": 1.0,
        "NewBone_8": 1.0,
        "Should_L": 1.0,
        "NewBone_16": 1.0,
        "NewBone_13": 1.0,
        "Should_R": 1.0,
        "NewBone_17": 1.0,
        "NewBone_20": 1.0,
        "NewBone_12": 1.0,
        "NewBone_21": 1.0
    },
    "ik_match_table1": {
        "base_link": [
            "root",
            0,
            50,
            [
                0.0,
                0.0,
                0.0
            ],
            [
                0.5,
                -0.5,
                -0.5,
                -0.5
            ]
        ],
        "waist_yaw_link": [
            "NewBone_7",
            0,
            100,
            [
                0.0,
                0.0,
                0.0
            ],
            [
                0.594122,
                -0.344608,
                -0.306325,
                -0.659112
            ]
        ],
        "waist_pitch_link": [
            "NewBone_2",
            0,
            30,
            [
                0.0,
                0.0,
                0.0
            ],
            [
                0.576116,
                -0.454964,
                -0.446828,
                -0.511315
            ]
        ],
        "neck_pitch_link": [
            "NewBone_12",
            0,
            30,
            [
                0.0,
                0.0,
                0.0
            ],
            [
                0.662146,
                -0.177273,
                -0.126891,
                -0.716963
            ]
        ],
        "head_pitch_link": [
            "NewBone_21",
            0,
            30,
            [
                0.0,
                0.0,
                0.0
            ],
            [
                0.484848,
                -0.48485,
                -0.468459,
                -0.557125
            ]
        ],
        "rl_thigh_link": [
            "NewBone_3",
            0,
            50,
            [
                0.02,
                -0.01,
                0.1
            ],
            [
                0.370374,
                -0.588531,
                -0.569669,
                -0.4381
            ]
        ],
        "rl_calf_link": [
            "NewBone_4",
            0,
            50,
            [
                0.0,
                -0.0,
                0.15
            ],
            [
                0.564029,
                -0.406715,
                -0.363834,
                -0.619742
            ]
        ],
        "rr_thigh_link": [
            "NewBone_8",
            0,
            50,
            [
                -0.02,
                -0.0,
                0.1
            ],
            [
                0.462318,
                -0.533953,
                -0.614997,
                -0.35062
            ]
        ],
        "rr_calf_link": [
            "NewBone_9",
            0,
            50,
            [
                0.05,
                0.02,
                0.15
            ],
            [
                0.555906,
                -0.435675,
                -0.536585,
                -0.46177
            ]
        ],
        "fl_hip_pitch_link": [
            "Should_L",
            0,
            50,
            [
                0.0,
                0.0,
                0.0
            ],
            [
                0.315382,
                -0.424316,
                -0.708944,
                -0.466785
            ]
        ],
        "fl_calf_link": [
            "NewBone_13",
            0,
            50,
            [
                0.0,
                0.0,
                0.0
            ],
            [
                0.526117,
                -0.44614,
                -0.396778,
                -0.60558
            ]
        ],
        "fl_foot_link": [
            "NewBone_16",
            50,
            10,
            [
                -0.1,
                0.0,
                0.15
            ],
            [
                0.62409,
                -0.294326,
                -0.258392,
                -0.676105
            ]
        ],
        "fr_hip_pitch_link": [
            "Should_R",
            0,
            50,
            [
                0.0,
                0.0,
                0.0
            ],
            [
                0.451985,
                -0.561945,
                -0.571373,
                -0.391739
            ]
        ],
        "fr_calf_link": [
            "NewBone_17",
            0,
            50,
            [
                0.0,
                0.0,
                0.0
            ],
            [
                0.594677,
                -0.427381,
                -0.438719,
                -0.520798
            ]
        ],
        "fr_foot_link": [
            "NewBone_20",
            50,
            10,
            [
                -0.1,
                0.0,
                0.15
            ],
            [
                0.712498,
                -0.169239,
                -0.20781,
                -0.648475
            ]
        ]
    },
    "ik_match_table2": {
        "base_link": [
            "root",
            100,
            10,
            [
                0.0,
                0.0,
                0.0
            ],
            [
                0.5,
                -0.5,
                -0.5,
                -0.5
            ]
        ],
        "waist_yaw_link": [
            "NewBone_7",
            0,
            30,
            [
                0.0,
                0.0,
                0.0
            ],
            [
                0.594122,
                -0.344608,
                -0.306325,
                -0.659112
            ]
        ],
        "waist_pitch_link": [
            "NewBone_2",
            0,
            10,
            [
                0.0,
                0.0,
                0.0
            ],
            [
                0.576116,
                -0.454964,
                -0.446828,
                -0.511315
            ]
        ],
        "neck_pitch_link": [
            "NewBone_12",
            10,
            10,
            [
                0.0,
                0.0,
                0.0
            ],
            [
                0.662146,
                -0.177273,
                -0.126891,
                -0.716963
            ]
        ],
        "head_pitch_link": [
            "NewBone_21",
            10,
            10,
            [
                0.0,
                0.0,
                0.0
            ],
            [
                0.484848,
                -0.48485,
                -0.468459,
                -0.557125
            ]
        ],
        "rl_thigh_link": [
            "NewBone_3",
            10,
            10,
            [
                0.02,
                -0.01,
                0.1
            ],
            [
                0.370374,
                -0.588531,
                -0.569669,
                -0.4381
            ]
        ],
        "rl_calf_link": [
            "NewBone_4",
            10,
            10,
            [
                0.0,
                -0.0,
                0.1
            ],
            [
                0.564029,
                -0.406715,
                -0.363834,
                -0.619742
            ]
        ],
        "rr_thigh_link": [
            "NewBone_8",
            10,
            10,
            [
                -0.02,
                -0.0,
                0.1
            ],
            [
                0.462318,
                -0.533953,
                -0.614997,
                -0.35062
            ]
        ],