{
    "robot_root_name": "base_link",
    "human_root_name": "Hips",
    "ground_height": 0.0,
    "human_height_assumption": 0.7,
    "use_ik_match_table1": true,
    "use_ik_match_table2": true,
    "human_scale_table": {
        "Hips": 1.0,
        "Spine1": 1.0,
        "Neck": 1.0,
        "Head": 1.0,
        "LeftUpLeg": 1.0,
        "LeftLeg": 1.0,
        "LeftFoot": 1.0,
        "RightUpLeg": 1.0,
        "RightLeg": 1.0,
        "RightFoot": 1.0,
        "LeftHand": 0.6,
        "LeftArm": 1.0,
        "LeftForeArm": 1.0,
        "RightHand": 0.6,
        "RightArm": 1.0,
        "RightForeArm": 1.0
    },
    "ik_match_table1": {
        "base_link": [
            "Hips",
            0,
            50,
            [
                0.0,
                0.0,
                0.0
            ],
            [
                -0.07191,
                0.066515,
                -0.735487,
                -0.67042
            ]
        ],
        "waist_yaw_link": [
            "Spine1",
            0,
            100,
            [
                0.0,
                0.0,
                0.0
            ],
            [
                -0.663298,
                -0.746194,
                -0.046789,
                -0.032264
            ]
        ],
        "neck_pitch_link": [
            "Neck",
            0,
            30,
            [
                0.0,
                0.0,
                0.0
            ],
            [
                -0.69223,
                -0.678036,
                -0.169073,
                -0.180274
            ]
        ],
        "head_pitch_link": [
            "Head",
            0,
            30,
            [
                0.0,
                0.0,
                0.0
            ],
            [
                -0.99372,
                0.025994,
                -0.108607,
                -0.007099
            ]
        ],
        "rl_thigh_link": [
            "LeftUpLeg",
            0,
            50,
            [
                0.0,
                0.0,
                0.0
            ],
            [
                0.516942,
                0.482282,
                -0.48156,
                -0.517952
            ]
        ],
        "rl_calf_link": [
            "LeftLeg",
            0,
            50,
            [
                0.0,
                0.0,
                0.0
            ],
            [
                0.524422,
                0.435715,
                -0.567472,
                -0.461638
            ]
        ],
        "rl_foot_link": [
            "LeftFoot",
            50,
            10,
            [
                0.0,
                0.0,
                0.0
            ],
            [
                0.065212,
                -0.095073,
                -0.70765,
                -0.697094
            ]
        ],
        "rr_thigh_link": [
            "RightUpLeg",
            0,
            50,
            [
                0.0,
                0.0,
                0.0
            ],
            [
                0.490458,
                0.453595,
                -0.546834,
                -0.504653
            ]
        ],
        "rr_calf_link": [
            "RightLeg",
            0,
            50,
            [
                0.0,
                0.0,
                0.0
            ],
            [
                0.496775,
                0.513834,
                -0.505409,
                -0.483478
            ]
        ],
        "rr_foot_link": [
            "RightFoot",
            50,
            10,
            [
                0.0,
                0.0,
                0.0
            ],
            [
                -0.02794,
                0.032462,
                -0.717394,
                -0.695349
            ]
        ],
        "fl_hip_pitch_link": [
            "LeftArm",
            0,
            50,
            [
                0.0,
                0.0,
                0.0
            ],
            [
                -0.61892,
                -0.313212,
                0.648233,
                0.314053
            ]
        ],
        "fl_calf_link": [
            "LeftForeArm",
            0,
            50,
            [
                0.0,
                0.0,
                0.0
            ],
            [
                -0.623424,
                -0.325474,
                0.63014,
                0.329139
            ]
        ],
        "fl_foot_link": [
            "LeftHand",
            50,
            10,
            [
                0.0,
                0.0,
                0.0
            ],
            [
                -0.585814,
                -0.309092,
                0.655881,
                0.362084
            ]
        ],
        "fr_hip_pitch_link": [
            "RightArm",
            0,
            50,
            [
                0.0,
                0.0,
                0.0
            ],
            [
                -0.443983,
                -0.536781,
                0.477362,
                0.535603
            ]
        ],
        "fr_calf_link": [
            "RightForeArm",
            0,
            50,
            [
                0.0,
                0.0,
                0.0
            ],
            [
                -0.38842,
                -0.540679,
                0.468176,
                0.58104
            ]
        ],
        "fr_foot_link": [
            "RightHand",
            50,
            10,
            [
                0.0,
                0.0,
                0.0
            ],
            [
                -0.400251,
                -0.534101,
                0.450262,
                0.593127
            ]
        ]
    },
    "ik_match_table2": {
        "base_link": [
            "Hips",
            100,
            10,
            [
                0.0,
                0.0,
                0.0
            ],
            [
                -0.07191,
                0.066515,
                -0.735487,
                -0.67042
            ]
        ],
        "waist_yaw_link": [
            "Spine1",
            0,
            30,
            [
                0.0,
                0.0,
                0.0
            ],
            [
                -0.663298,
                -0.746194,
                -0.046789,
                -0.032264
            ]
        ],
        "neck_pitch_link": [
            "Neck",
            10,
            10,
            [
                0.0,
                0.0,
                0.0
            ],
            [
                -0.69223,
                -0.678036,
                -0.169073,
                -0.180274
            ]
        ],
        "head_pitch_link": [
            "Head",
            10,
            10,
            [
                0.0,
                0.0,
                0.0
            ],
            [
                -0.99372,
                0.025994,
                -0.108607,
                -0.007099
            ]
        ],
        "rl_thigh_link": [
            "LeftUpLeg",
            10,
            10,
            [
                0.0,
                0.0,
                0.0
            ],
            [
                0.516942,
                0.482282,
                -0.48156,
                -0.517952
            ]
        ],
        "rl_calf_link": [
            "LeftLeg",
            10,
            10,
            [
                0.0,
                0.0,
                0.0
            ],
            [
                0.524422,
                0.435715,
                -0.567472,
                -0.461638
            ]
        ],
        "rl_foot_link": [
            "LeftFoot",
            80,
            20,
            [
                0.0,
                0.0,
                0.0
            ],
            [
                0.065212,
                -0.095073,
                -0.70765,
                -0.697094
            ]
        ],